"MMSA_NAME","CASES","DEATHS","death_rate"
"Aberdeen, SD",1338,4,0.298953662182362
"Aberdeen, WA",518,10,1.93050193050193
"Abilene, TX",2166,59,2.72391505078486
"Ada, OK",442,3,0.678733031674208
"Adrian, MI",842,18,2.13776722090261
"Akron, OH",6615,319,4.82237339380197
"Alamogordo, NM",270,13,4.81481481481481
"Albany-Lebanon, OR",532,13,2.44360902255639
"Albany-Schenectady-Troy, NY",6600,228,3.45454545454545
"Albany, GA",4723,275,5.82257040016938
"Albemarle, NC",2014,56,2.78053624627607
"Albert Lea, MN",548,4,0.72992700729927
"Albertville, AL",3983,45,1.12980165704243
"Albuquerque, NM",8643,224,2.59169269929423
"Alexander City, AL",1347,88,6.53303637713437
"Alexandria, LA",4754,179,3.76525031552377
"Alexandria, MN",362,2,0.552486187845304
"Alice, TX",1933,53,2.74185204345577
"Allentown-Bethlehem-Easton, PA-NJ",12125,857,7.0680412371134
"Alma, MI",292,15,5.13698630136986
"Alpena, MI",145,14,9.6551724137931
"Altoona, PA",716,18,2.51396648044693
"Altus, OK",793,10,1.26103404791929
"Amarillo, TX",8979,102,1.13598396257935
"Americus, GA",1039,64,6.15976900866217
"Ames, IA",4016,25,0.622509960159363
"Amsterdam, NY",235,9,3.82978723404255
"Anchorage, AK",624,2,0.320512820512821
"Andrews, TX",425,9,2.11764705882353
"Angola, IN",400,7,1.75
"Ann Arbor, MI",3773,116,3.0744765438643
"Anniston-Oxford, AL",3569,44,1.23283833006444
"Appleton, WI",6450,35,0.542635658914729
"Arcadia, FL",1571,25,1.59134309357097
"Ardmore, OK",761,10,1.31406044678055
"Arkadelphia, AR",357,4,1.12044817927171
"Asheville, NC",5954,178,2.98958683238159
"Ashland, OH",261,4,1.53256704980843
"Ashtabula, OH",664,48,7.2289156626506
"Astoria, OR",221,0,0
"Atchison, KS",308,2,0.649350649350649
"Athens-Clarke County, GA",6884,89,1.29285299244625
"Athens, OH",757,2,0.264200792602378
"Athens, TN",1176,26,2.2108843537415
"Athens, TX",984,23,2.33739837398374
"Atlanta-Sandy Springs-Alpharetta, GA",147823,2963,2.00442421003497
"Atlantic City-Hammonton, NJ",4128,256,6.2015503875969
"Atmore, AL",1620,24,1.48148148148148
"Auburn-Opelika, AL",6017,61,1.01379424962606
"Auburn, IN",503,12,2.38568588469185
"Auburn, NY",220,2,0.909090909090909
"Augusta-Richmond County, GA-SC",17659,355,2.0103063593635
"Augusta-Waterville, ME",215,11,5.11627906976744
"Austin-Round Rock-Georgetown, TX",47380,693,1.46264246517518
"Austin, MN",1348,6,0.445103857566766
"Bainbridge, GA",1165,29,2.48927038626609
"Bakersfield, CA",32128,370,1.15164342629482
"Baltimore-Columbia-Towson, MD",38922,1232,3.16530496891218
"Bangor, ME",254,6,2.36220472440945
"Baraboo, WI",1003,4,0.398803589232303
"Bardstown, KY",519,4,0.770712909441233
"Barnstable Town, MA",2010,174,8.65671641791045
"Barre, VT",78,2,2.56410256410256
"Bartlesville, OK",1005,40,3.98009950248756
"Batavia, NY",330,6,1.81818181818182
"Batesville, AR",1387,27,1.94664744051911
"Baton Rouge, LA",29817,880,2.95133648589731
"Battle Creek, MI",1492,46,3.08310991957105
"Bay City, MI",1027,51,4.96592015579357
"Bay City, TX",1041,48,4.61095100864553
"Beatrice, NE",265,5,1.88679245283019
"Beaumont-Port Arthur, TX",10860,210,1.93370165745856
"Beaver Dam, WI",1994,17,0.852557673019057
"Beckley, WV",1158,22,1.89982728842832
"Bedford, IN",532,31,5.82706766917293
"Beeville, TX",1816,34,1.87224669603524
"Bellefontaine, OH",317,3,0.946372239747634
"Bellingham, WA",1355,45,3.3210332103321
"Bemidji, MN",473,5,1.05708245243129
"Bend, OR",873,12,1.3745704467354
"Bennettsville, SC",931,11,1.18152524167562
"Bennington, VT",115,1,0.869565217391304
"Berlin, NH",22,0,0
"Big Rapids, MI",228,3,1.31578947368421
"Big Spring, TX",823,16,1.94410692588092
"Big Stone Gap, VA",459,9,1.96078431372549
"Billings, MT",3530,70,1.98300283286119
"Binghamton, NY",1922,106,5.51508844953174
"Birmingham-Hoover, AL",32666,494,1.51227576072981
"Bismarck, ND",5146,76,1.47687524290711
"Blackfoot, ID",960,10,1.04166666666667
"Blacksburg-Christiansburg, VA",3069,10,0.325839035516455
"Bloomington, IL",3325,23,0.691729323308271
"Bloomington, IN",2886,43,1.48995148995149
"Bloomsburg-Berwick, PA",1104,40,3.6231884057971
"Bluefield, WV-VA",812,35,4.31034482758621
"Bluffton, IN",290,4,1.37931034482759
"Blytheville, AR",1708,51,2.98594847775176
"Bogalusa, LA",1643,67,4.07790626902008
"Boise City, ID",22155,260,1.17354998871587
"Bonham, TX",691,15,2.17076700434153
"Boone, NC",905,1,0.110497237569061
"Borger, TX",224,5,2.23214285714286
"Boston-Cambridge-Newton, MA-NH",100860,6533,6.47729526075749
"Boulder, CO",4435,79,1.78128523111612
"Bowling Green, KY",5245,87,1.65872259294566
"Bozeman, MT",1412,4,0.28328611898017
"Bradford, PA",59,2,3.38983050847458
"Brainerd, MN",751,22,2.92942743009321
"Branson, MO",1317,33,2.50569476082005
"Breckenridge, CO",465,4,0.860215053763441
"Bremerton-Silverdale-Port Orchard, WA",1222,12,0.981996726677578
"Brenham, TX",641,48,7.48829953198128
"Brevard, NC",333,8,2.4024024024024
"Bridgeport-Stamford-Norwalk, CT",20225,1422,7.03090234857849
"Brookhaven, MS",1123,53,4.71950133570793
"Brookings, OR",32,0,0
"Brookings, SD",779,2,0.256739409499358
"Brownsville-Harlingen, TX",22825,912,3.99561883899233
"Brownsville, TN",1006,23,2.28628230616302
"Brownwood, TX",586,25,4.26621160409556
"Brunswick, GA",4125,112,2.71515151515152
"Bucyrus-Galion, OH",249,6,2.40963855421687
"Buffalo-Cheektowaga, NY",13288,714,5.37326911499097
"Burley, ID",1482,14,0.944669365721997
"Burlington-South Burlington, VT",981,46,4.68909276248726
"Burlington, IA-IL",891,8,0.897867564534231
"Burlington, NC",3977,55,1.38295197384964
"Butte-Silver Bow, MT",270,0,0
"Cañon City, CO",176,1,0.568181818181818
"Cadillac, MI",193,5,2.59067357512953
"Calhoun, GA",1870,36,1.92513368983957
"California-Lexington Park, MD",1310,57,4.35114503816794
"Cambridge, MD",594,10,1.68350168350168
"Cambridge, OH",175,8,4.57142857142857
"Camden, AR",305,6,1.9672131147541
"Campbellsville, KY",579,15,2.59067357512953
"Canton-Massillon, OH",3108,182,5.85585585585586
"Cape Coral-Fort Myers, FL",20516,468,2.28114642230454
"Cape Girardeau, MO-IL",2224,20,0.899280575539568
"Carbondale-Marion, IL",2865,73,2.54799301919721
"Carlsbad-Artesia, NM",861,11,1.27758420441347
"Carroll, IA",704,5,0.710227272727273
"Carson City, NV",494,8,1.61943319838057
"Casper, WY",603,4,0.66334991708126
"Cedar City, UT",761,3,0.394218134034166
"Cedar Rapids, IA",4802,118,2.457309454394
"Cedartown, GA",1490,18,1.20805369127517
"Celina, OH",1161,19,1.6365202411714
"Central City, KY",785,12,1.52866242038217
"Centralia, IL",573,2,0.349040139616056
"Centralia, WA",547,5,0.914076782449726
"Chambersburg-Waynesboro, PA",1795,50,2.78551532033426
"Champaign-Urbana, IL",4961,21,0.423301753678694
"Charleston-Mattoon, IL",1727,36,2.0845396641575
"Charleston-North Charleston, SC",25597,442,1.72676485525648
"Charleston, WV",3459,109,3.15119976871928
"Charlotte-Concord-Gastonia, NC-SC",60724,875,1.44094591924116
"Charlottesville, VA",2016,35,1.73611111111111
"Chattanooga, TN-GA",13548,163,1.20312961322704
"Cheyenne, WY",718,4,0.557103064066852
"Chicago-Naperville-Elgin, IL-IN-WI",234595,7647,3.25966026556406
"Chico, CA",2804,44,1.56918687589158
"Chillicothe, OH",914,27,2.95404814004376
"Cincinnati, OH-KY-IN",31059,681,2.1926011784024
"Clarksburg, WV",548,18,3.28467153284672
"Clarksdale, MS",1175,30,2.5531914893617
"Clarksville, TN-KY",4912,70,1.42508143322476
"Clearlake, CA",433,10,2.3094688221709
"Cleveland-Elyria, OH",23903,885,3.70246412584194
"Cleveland, MS",1873,70,3.73731980779498
"Cleveland, TN",3398,27,0.794585050029429
"Clewiston, FL",2076,40,1.92678227360308
"Clinton, IA",1143,21,1.83727034120735
"Clovis, NM",851,6,0.705052878965922
"Coeur d'Alene, ID",2743,34,1.2395187750638
"Coffeyville, KS",435,6,1.37931034482759
"Coldwater, MI",640,5,0.78125
"College Station-Bryan, TX",7113,73,1.0262898917475
"Colorado Springs, CO",7139,178,2.49334640705981
"Columbia, MO",5255,15,0.285442435775452
"Columbia, SC",26849,519,1.93303288763082
"Columbus, GA-AL",11182,224,2.00321945984618
"Columbus, IN",1218,61,5.00821018062397
"Columbus, MS",1608,58,3.60696517412935
"Columbus, NE",1135,4,0.352422907488987
"Columbus, OH",38771,832,2.14593381651234
"Concord, NH",592,23,3.88513513513514
"Connersville, IN",537,14,2.60707635009311
"Cookeville, TN",4500,55,1.22222222222222
"Coos Bay, OR",160,0,0
"Cordele, GA",571,17,2.97723292469352
"Corinth, MS",834,11,1.3189448441247
"Cornelia, GA",1674,67,4.00238948626045
"Corning, NY",453,43,9.49227373068433
"Corpus Christi, TX",17389,451,2.59359365115878
"Corsicana, TX",1303,27,2.07214121258634
"Cortland, NY",184,1,0.543478260869565
"Corvallis, OR",328,6,1.82926829268293
"Coshocton, OH",235,11,4.68085106382979
"Craig, CO",43,1,2.32558139534884
"Crawfordsville, IN",514,23,4.47470817120623
"Crescent City, CA",144,1,0.694444444444444
"Crestview-Fort Walton Beach-Destin, FL",7013,140,1.99629259945815
"Crossville, TN",1223,19,1.55355682747343
"Cullman, AL",1922,20,1.04058272632674
"Cullowhee, NC",810,10,1.23456790123457
"Cumberland, MD-WV",648,27,4.16666666666667
"Dallas-Fort Worth-Arlington, TX",171616,2432,1.41711728510162
"Dalton, GA",5465,66,1.20768526989936
"Danville, IL",830,4,0.481927710843373
"Danville, KY",504,13,2.57936507936508
"Danville, VA",1022,10,0.978473581213307
"Daphne-Fairhope-Foley, AL",5640,52,0.921985815602837
"Davenport-Moline-Rock Island, IA-IL",6998,115,1.64332666476136
"Dayton-Kettering, OH",11092,253,2.28092318788316
"Dayton, TN",863,15,1.73812282734647
"Decatur, AL",3985,54,1.35508155583438
"Decatur, IL",1636,45,2.75061124694377
"Decatur, IN",498,4,0.803212851405622
"Defiance, OH",334,12,3.59281437125748
"Del Rio, TX",2203,104,4.7208352246936
"Deltona-Daytona Beach-Ormond Beach, FL",12696,275,2.16603654694392
"Deming, NM",424,7,1.65094339622642
"Denver-Aurora-Lakewood, CO",40918,1348,3.29439366537954
"DeRidder, LA",1013,38,3.75123395853899
"Des Moines-West Des Moines, IA",21318,353,1.65587766206961
"Detroit-Warren-Dearborn, MI",74217,5335,7.18838002074996
"Dickinson, ND",1680,14,0.833333333333333
"Dixon, IL",394,1,0.253807106598985
"Dodge City, KS",2902,10,0.344589937973811
"Dothan, AL",4118,31,0.752792617775619
"Douglas, GA",2514,53,2.10819411296738
"Dover, DE",2963,117,3.94870064124198
"Dublin, GA",2337,107,4.57851946940522
"DuBois, PA",330,6,1.81818181818182
"Dubuque, IA",3412,42,1.23094958968347
"Duluth, MN-WI",2601,43,1.65321030372933
"Dumas, TX",1183,22,1.85967878275571
"Duncan, OK",455,5,1.0989010989011
"Durango, CO",263,2,0.760456273764259
"Durant, OK",1003,5,0.498504486540379
"Durham-Chapel Hill, NC",14409,266,1.84606842945381
"Dyersburg, TN",1430,17,1.18881118881119
"Eagle Pass, TX",3712,124,3.34051724137931
"East Stroudsburg, PA",1804,133,7.37250554323725
"Easton, MD",568,6,1.05633802816901
"Eau Claire, WI",2634,6,0.227790432801822
"Edwards, CO",1262,10,0.792393026941363
"Effingham, IL",883,3,0.339750849377123
"El Campo, TX",1372,52,3.79008746355685
"El Centro, CA",11908,320,2.68726906281491
"El Dorado, AR",911,40,4.39077936333699
"El Paso, TX",24498,529,2.15935994775084
"Elizabeth City, NC",899,34,3.78197997775306
"Elizabethtown-Fort Knox, KY",1702,15,0.881316098707403
"Elk City, OK",567,3,0.529100529100529
"Elkhart-Goshen, IN",6849,116,1.69367790918382
"Elkins, WV",259,1,0.386100386100386
"Elko, NV",981,10,1.01936799184506
"Ellensburg, WA",543,22,4.05156537753223
"Elmira, NY",510,5,0.980392156862745
"Emporia, KS",1162,36,3.09810671256454
"Enid, OK",1739,21,1.2075905692927
"Enterprise, AL",1393,5,0.358937544867193
"Erie, PA",1567,38,2.42501595405233
"Escanaba, MI",560,8,1.42857142857143
"Española, NM",400,13,3.25
"Eufaula, AL-GA",929,8,0.861141011840689
"Eugene-Springfield, OR",1293,17,1.31477184841454
"Eureka-Arcata, CA",509,8,1.57170923379175
"Evanston, WY",356,2,0.561797752808989
"Evansville, IN-KY",6512,86,1.32063882063882
"Fairbanks, AK",1138,11,0.966608084358524
"Fairfield, IA",140,1,0.714285714285714
"Fairmont, MN",462,11,2.38095238095238
"Fairmont, WV",285,3,1.05263157894737
"Fallon, NV",154,3,1.94805194805195
"Fargo, ND-MN",6791,118,1.73759387424532
"Faribault-Northfield, MN",1351,8,0.592153960029608
"Farmington, MO",2133,12,0.562587904360056
"Farmington, NM",3359,199,5.924382256624
"Fayetteville-Springdale-Rogers, AR",16709,214,1.28074690286672
"Fayetteville, NC",9114,149,1.63484748738205
"Fergus Falls, MN",473,4,0.845665961945032
"Fernley, NV",439,7,1.59453302961276
"Findlay, OH",741,11,1.48448043184885
"Fitzgerald, GA",791,24,3.03413400758533
"Flagstaff, AZ",4166,144,3.45655304848776
"Flint, MI",4727,309,6.53691559128411
"Florence-Muscle Shoals, AL",3443,60,1.74266627940749
"Florence, SC",7033,247,3.51201478743068
"Fond du Lac, WI",2276,14,0.615114235500879
"Forest City, NC",1241,32,2.57856567284448
"Forrest City, AR",1542,6,0.389105058365759
"Fort Collins, CO",2636,53,2.01062215477997
"Fort Dodge, IA",1318,14,1.06221547799697
"Fort Leonard Wood, MO",680,5,0.735294117647059
"Fort Madison-Keokuk, IA-IL-MO",949,10,1.05374077976818
"Fort Morgan, CO",755,48,6.35761589403973
"Fort Payne, AL",2461,21,0.853311661926046
"Fort Polk South, LA",1069,51,4.77081384471469
"Fort Smith, AR-OK",6496,90,1.38546798029557
"Fort Wayne, IN",6735,222,3.29621380846325
"Frankfort, IN",648,18,2.77777777777778
"Frankfort, KY",839,12,1.43027413587604
"Fredericksburg, TX",314,10,3.18471337579618
"Freeport, IL",548,6,1.09489051094891
"Fremont, NE",1227,12,0.97799511002445
"Fremont, OH",591,20,3.38409475465313
"Fresno, CA",28621,390,1.36263582684043
"Gadsden, AL",3575,45,1.25874125874126
"Gaffney, SC",1172,39,3.32764505119454
"Gainesville, FL",9850,81,0.822335025380711
"Gainesville, GA",9373,154,1.64301717699776
"Gainesville, TX",460,6,1.30434782608696
"Galesburg, IL",704,3,0.426136363636364
"Gallup, NM",4343,257,5.91756850103615
"Garden City, KS",2269,13,0.572939620978405
"Gardnerville Ranchos, NV",308,1,0.324675324675325
"Georgetown, SC",1909,44,2.30487166055526
"Gettysburg, PA",852,26,3.05164319248826
"Gillette, WY",411,1,0.24330900243309
"Glasgow, KY",916,15,1.63755458515284
"Glens Falls, NY",693,44,6.34920634920635
"Glenwood Springs, CO",1179,7,0.593723494486853
"Gloversville, NY",339,28,8.25958702064897
"Goldsboro, NC",3427,69,2.01342281879195
"Granbury, TX",969,28,2.88957688338493
"Grand Forks, ND-MN",2629,17,0.646633701027006
"Grand Island, NE",2221,53,2.38631247185952
"Grand Junction, CO",643,7,1.08864696734059
"Grand Rapids-Kentwood, MI",14421,251,1.74051730115803
"Grand Rapids, MN",356,16,4.49438202247191
"Grants Pass, OR",204,2,0.980392156862745
"Grants, NM",426,21,4.92957746478873
"Great Bend, KS",507,7,1.38067061143984
"Great Falls, MT",729,5,0.685871056241427
"Greeley, CO",4784,151,3.15635451505017
"Green Bay, WI",11350,71,0.625550660792952
"Greeneville, TN",1185,46,3.88185654008439
"Greensboro-High Point, NC",12911,253,1.95956935946092
"Greensburg, IN",490,42,8.57142857142857
"Greenville-Anderson, SC",23949,585,2.44269071777527
"Greenville, MS",2278,79,3.46795434591747
"Greenville, NC",4976,29,0.582797427652733
"Greenville, OH",832,44,5.28846153846154
"Greenwood, MS",1769,94,5.31373657433578
"Greenwood, SC",2221,73,3.28680774425934
"Grenada, MS",1101,36,3.26975476839237
"Gulfport-Biloxi, MS",8504,180,2.11665098777046
"Guymon, OK",1563,10,0.639795265515035
"Hagerstown-Martinsburg, MD-WV",2908,55,1.89133425034388
"Hailey, ID",719,6,0.834492350486787
"Hammond, LA",4514,119,2.63624280017723
"Hanford-Corcoran, CA",7851,104,1.32467201630366
"Hannibal, MO",840,14,1.66666666666667
"Harrisburg-Carlisle, PA",6001,264,4.39926678886852
"Harrison, AR",1000,32,3.2
"Harrisonburg, VA",1460,22,1.50684931506849
"Hartford-East Hartford-Middletown, CT",17763,1697,9.55356640207172
"Hastings, NE",574,12,2.09059233449477
"Hattiesburg, MS",5568,156,2.80172413793103
"Hays, KS",1026,5,0.487329434697856
"Heber, UT",1815,8,0.440771349862259
"Helena-West Helena, AR",515,12,2.33009708737864
"Helena, MT",396,3,0.757575757575758
"Henderson, NC",1057,44,4.16272469252602
"Hereford, TX",900,22,2.44444444444444
"Hermiston-Pendleton, OR",3517,47,1.33636622121126
"Hickory-Lenoir-Morganton, NC",7574,119,1.57116451016636
"Hillsdale, MI",358,27,7.54189944134078
"Hilo, HI",730,15,2.05479452054795
"Hilton Head Island-Bluffton, SC",6512,105,1.61240786240786
"Hinesville, GA",1377,25,1.81554103122731
"Hobbs, NM",1448,24,1.65745856353591
"Holland, MI",785,7,0.89171974522293
"Homosassa Springs, FL",2783,106,3.80883938196191
"Hood River, OR",252,0,0
"Hope, AR",606,17,2.80528052805281
"Hot Springs, AR",1949,53,2.71934325295023
"Houghton, MI",572,2,0.34965034965035
"Houma-Thibodaux, LA",7333,239,3.25923905632074
"Houston-The Woodlands-Sugar Land, TX",197513,3456,1.74975824376117
"Hudson, NY",595,47,7.89915966386555
"Huntingdon, PA",417,6,1.43884892086331
"Huntington-Ashland, WV-KY-OH",3630,66,1.81818181818182
"Huntington, IN",257,3,1.16731517509728
"Huntsville, AL",10162,98,0.964377091123795
"Huntsville, TX",3735,57,1.52610441767068
"Huron, SD",911,10,1.09769484083425
"Hutchinson, KS",1155,4,0.346320346320346
"Hutchinson, MN",503,2,0.397614314115308
"Idaho Falls, ID",3481,19,0.545820166618788
"Indiana, PA",737,12,1.62822252374491
"Indianapolis-Carmel-Anderson, IN",38487,1489,3.8688388286954
"Indianola, MS",1491,46,3.08517773306506
"Iowa City, IA",5674,38,0.669721536834684
"Iron Mountain, MI-WI",272,4,1.47058823529412
"Ithaca, NY",421,0,0
"Jackson, MI",1129,45,3.98582816651904
"Jackson, MS",18326,504,2.7501909854851
"Jackson, OH",275,7,2.54545454545455
"Jackson, TN",6020,120,1.99335548172757
"Jackson, WY-ID",762,1,0.131233595800525
"Jacksonville, FL",44701,622,1.39146775239928
"Jacksonville, IL",754,23,3.05039787798408
"Jacksonville, NC",2260,25,1.10619469026549
"Jacksonville, TX",1564,30,1.91815856777494
"Jamestown-Dunkirk-Fredonia, NY",590,4,0.677966101694915
"Jamestown, ND",527,3,0.569259962049336
"Janesville-Beloit, WI",2814,32,1.13717128642502
"Jasper, AL",2369,87,3.67243562684677
"Jasper, IN",1198,20,1.669449081803
"Jefferson City, MO",2798,23,0.822015725518227
"Jefferson, GA",2024,33,1.6304347826087
"Jennings, LA",1249,39,3.12249799839872
"Jesup, GA",1140,29,2.54385964912281
"Johnson City, TN",3884,67,1.72502574665294
"Johnstown, PA",591,7,1.1844331641286
"Jonesboro, AR",3751,36,0.959744068248467
"Joplin, MO",5419,64,1.18102971027865
"Kahului-Wailuku-Lahaina, HI",391,9,2.30179028132992
"Kalamazoo-Portage, MI",3053,96,3.14444808385195
"Kalispell, MT",1176,19,1.6156462585034
"Kankakee, IL",2776,77,2.77377521613833
"Kansas City, MO-KS",26659,381,1.42916088375408
"Kapaa, HI",59,0,0
"Kearney, NE",1269,6,0.472813238770686
"Keene, NH",152,3,1.97368421052632
"Kendallville, IN",939,33,3.51437699680511
"Kennett, MO",841,8,0.951248513674197
"Kennewick-Richland, WA",8918,198,2.220228750841
"Kerrville, TX",592,10,1.68918918918919
"Ketchikan, AK",50,0,0
"Key West, FL",1847,22,1.19112073632918
"Kill Devil Hills, NC",276,3,1.08695652173913
"Killeen-Temple, TX",7643,106,1.38688996467356
"Kingsport-Bristol, TN-VA",4079,83,2.03481245403285
"Kingston, NY",2280,84,3.68421052631579
"Kingsville, TX",1005,46,4.5771144278607
"Kinston, NC",1021,33,3.23212536728697
"Kirksville, MO",388,0,0
"Klamath Falls, OR",290,2,0.689655172413793
"Knoxville, TN",16811,139,0.826839569329606
"Kokomo, IN",1349,67,4.96664195700519
"La Crosse-Onalaska, WI-MN",3413,3,0.0878992089071198
"La Grande, OR",445,2,0.449438202247191
"Laconia, NH",148,4,2.7027027027027
"Lafayette-West Lafayette, IN",3067,28,0.91294424519074
"Lafayette, LA",19030,442,2.32264844981608
"LaGrange, GA-AL",4001,142,3.54911272181955
"Lake Charles, LA",8117,214,2.63644203523469
"Lake City, FL",3836,58,1.51199165797706
"Lake Havasu City-Kingman, AZ",4004,226,5.64435564435564
"Lakeland-Winter Haven, FL",20032,531,2.65075878594249
"Lamesa, TX",433,10,2.3094688221709
"Lancaster, PA",7993,459,5.74252470912048
"Lansing-East Lansing, MI",5525,105,1.90045248868778
"Laramie, WY",575,0,0
"Laredo, TX",13884,278,2.00230481129358
"Las Vegas-Henderson-Paradise, NV",67176,1391,2.07068000476361
"Las Vegas, NM",108,0,0
"Laurel, MS",3111,95,3.05368048858888
"Laurinburg, NC",1202,15,1.24792013311148
"Lawrence, KS",2340,13,0.555555555555556
"Lawrenceburg, TN",1108,14,1.26353790613718
"Lawton, OK",1717,16,0.93185789167152
"Lebanon, MO",700,9,1.28571428571429
"Lebanon, NH-VT",314,4,1.27388535031847
"Lebanon, PA",2078,59,2.83926852743022
"Levelland, TX",360,9,2.5
"Lewisburg, PA",472,6,1.27118644067797
"Lewisburg, TN",791,5,0.632111251580278
"Lewiston-Auburn, ME",737,10,1.35685210312076
"Lewiston, ID-WA",583,26,4.45969125214408
"Lewistown, PA",229,2,0.873362445414847
"Lexington-Fayette, KY",8689,95,1.0933364023478
"Lexington, NE",1129,13,1.15146147032772
"Liberal, KS",1669,5,0.299580587177951
"Lima, OH",1479,72,4.86815415821501
"Lincoln, IL",469,1,0.213219616204691
"Lincoln, NE",6729,27,0.401248328131966
"Little Rock-North Little Rock-Conway, AR",15796,215,1.36110407698151
"Lock Haven, PA",207,6,2.89855072463768
"Logan, UT-ID",2932,6,0.204638472032742
"Logansport, IN",1964,10,0.509164969450102
"London, KY",2206,23,1.04261106074343
"Longview, TX",4511,120,2.66016404344935
"Longview, WA",684,7,1.0233918128655
"Los Alamos, NM",33,0,0
"Los Angeles-Long Beach-Anaheim, CA",324050,7844,2.42061410276192
"Louisville/Jefferson County, KY-IN",24150,529,2.19047619047619
"Lubbock, TX",12139,134,1.10388005601779
"Ludington, MI",135,0,0
"Lufkin, TX",2163,83,3.83726306056403
"Lumberton, NC",4624,78,1.68685121107266
"Lynchburg, VA",3306,37,1.11917725347852
"Macomb, IL",490,15,3.06122448979592
"Macon-Bibb County, GA",7712,244,3.16390041493776
"Madera, CA",4557,58,1.27276717138468
"Madison, IN",255,3,1.17647058823529
"Madison, WI",12128,49,0.404023746701847
"Madisonville, KY",646,39,6.03715170278638
"Magnolia, AR",500,18,3.6
"Malone, NY",66,1,1.51515151515152
"Malvern, AR",1921,27,1.40551795939615
"Manchester-Nashua, NH",4426,289,6.52959783099864
"Manhattan, KS",2562,10,0.39032006245121
"Manitowoc, WI",1284,4,0.311526479750779
"Mankato, MN",2296,24,1.04529616724739
"Mansfield, OH",949,19,2.00210748155954
"Marietta, OH",263,23,8.74524714828897
"Marinette, WI-MI",1454,10,0.687757909215956
"Marion, IN",1321,40,3.02800908402725
"Marion, NC",1018,27,2.65225933202358
"Marion, OH",3125,48,1.536
"Marquette, MI",396,12,3.03030303030303
"Marshall, MN",738,4,0.5420054200542
"Marshall, MO",736,9,1.22282608695652
"Marshalltown, IA",1795,34,1.8941504178273
"Martin, TN",1234,21,1.70178282009724
"Martinsville, VA",1460,43,2.94520547945205
"Maryville, MO",601,7,1.16472545757072
"Mason City, IA",1183,21,1.77514792899408
"Mayfield, KY",743,29,3.90309555854643
"Maysville, KY",126,2,1.58730158730159
"McAlester, OK",972,20,2.05761316872428
"McAllen-Edinburg-Mission, TX",31835,1525,4.79032511386838
"McComb, MS",1249,54,4.32345876701361
"McMinnville, TN",1085,7,0.645161290322581
"McPherson, KS",270,1,0.37037037037037
"Meadville, PA",316,3,0.949367088607595
"Medford, OR",1190,6,0.504201680672269
"Memphis, TN-MS-AR",44599,696,1.56057310702034
"Menomonie, WI",637,1,0.156985871271586
"Merced, CA",8961,143,1.59580403972771
"Meridian, MS",2980,189,6.34228187919463
"Mexico, MO",435,5,1.14942528735632
"Miami-Fort Lauderdale-Pompano Beach, FL",294172,6045,2.05492025073766
"Miami, OK",885,6,0.677966101694915
"Michigan City-La Porte, IN",1536,41,2.66927083333333
"Middlesborough, KY",507,15,2.9585798816568
"Midland, MI",629,11,1.74880763116057
"Midland, TX",3934,71,1.8047788510422
"Milledgeville, GA",2521,99,3.92701309004363
"Milwaukee-Waukesha, WI",43521,675,1.55097539119046
"Minden, LA",1282,25,1.95007800312012
"Mineral Wells, TX",581,15,2.58175559380379
"Minneapolis-St. Paul-Bloomington, MN-WI",67184,1667,2.48124553465111
"Minot, ND",1280,13,1.015625
"Missoula, MT",825,3,0.363636363636364
"Mitchell, SD",371,2,0.539083557951482
"Moberly, MO",277,2,0.72202166064982
"Mobile, AL",14118,307,2.17452897010908
"Modesto, CA",16512,362,2.19234496124031
"Monroe, LA",8053,210,2.60772382962871
"Monroe, MI",1548,28,1.80878552971576
"Montgomery, AL",14083,287,2.03791805723212
"Montrose, CO",411,14,3.40632603406326
"Morehead City, NC",727,5,0.687757909215956
"Morgan City, LA",1934,77,3.98138572905895
"Morgantown, WV",2206,9,0.407978241160471
"Morristown, TN",3530,45,1.27478753541076
"Moscow, ID",538,0,0
"Moses Lake, WA",2976,22,0.739247311827957
"Moultrie, GA",1895,34,1.79419525065963
"Mount Airy, NC",1345,23,1.71003717472119
"Mount Gay-Shamrock, WV",622,42,6.7524115755627
"Mount Pleasant, MI",724,14,1.93370165745856
"Mount Pleasant, TX",1821,39,2.14168039538715
"Mount Sterling, KY",432,4,0.925925925925926
"Mount Vernon-Anacortes, WA",1111,22,1.98019801980198
"Mount Vernon, IL",641,38,5.92823712948518
"Mount Vernon, OH",293,15,5.11945392491468
"Mountain Home, AR",366,2,0.546448087431694
"Mountain Home, ID",361,3,0.831024930747922
"Muncie, IN",2046,63,3.0791788856305
"Murray, KY",614,8,1.30293159609121
"Muscatine, IA",1131,55,4.86295313881521
"Muskegon, MI",1558,70,4.49293966623877
"Muskogee, OK",1854,23,1.24056094929881
"Myrtle Beach-Conway-North Myrtle Beach, SC-NC",12058,224,1.85768784209653
"Nacogdoches, TX",1626,63,3.87453874538745
"Napa, CA",1724,13,0.754060324825986
"Naples-Marco Island, FL",12751,221,1.73319739628264
"Nashville-Davidson--Murfreesboro--Franklin, TN",60978,715,1.17255403588179
"Natchez, MS-LA",1462,51,3.48837209302326
"Natchitoches, LA",1176,26,2.2108843537415
"New Bern, NC",2112,52,2.46212121212121
"New Castle, IN",842,27,3.20665083135392
"New Castle, PA",531,22,4.14312617702448
"New Haven-Milford, CT",14477,1115,7.70187193479312
"New Orleans-Metairie, LA",43675,1660,3.80080137378363
"New Philadelphia-Dover, OH",950,20,2.10526315789474
"New Ulm, MN",199,2,1.00502512562814
"New York-Newark-Jersey City, NY-NJ-PA",556299,43438,7.80839081141616
"Newberry, SC",1273,27,2.1209740769835
"Newport, OR",481,13,2.7027027027027
"Newport, TN",759,10,1.31752305665349
"Niles, MI",1908,74,3.87840670859539
"Nogales, AZ",2849,63,2.21130221130221
"Norfolk, NE",997,13,1.30391173520562
"North Platte, NE",451,4,0.886917960088692
"North Port-Sarasota-Bradenton, FL",19768,549,2.77721570214488
"North Vernon, IN",321,14,4.3613707165109
"North Wilkesboro, NC",1258,34,2.7027027027027
"Norwalk, OH",588,7,1.19047619047619
"Norwich-New London, CT",2053,117,5.69897710667316
"Oak Harbor, WA",314,12,3.82165605095541
"Ocala, FL",9774,290,2.9670554532433
"Ocean City, NJ",1023,97,9.48191593352884
"Odessa, TX",3162,84,2.65654648956357
"Ogden-Clearfield, UT",10301,66,0.640714493738472
"Ogdensburg-Massena, NY",327,4,1.22324159021407
"Oil City, PA",88,1,1.13636363636364
"Okeechobee, FL",1575,27,1.71428571428571
"Oklahoma City, OK",29941,312,1.04204936374871
"Olean, NY",276,8,2.89855072463768
"Olympia-Lacey-Tumwater, WA",1109,18,1.62308385933273
"Omaha-Council Bluffs, NE-IA",23998,261,1.08759063255271
"Oneonta, NY",341,4,1.17302052785924
"Ontario, OR-ID",2560,39,1.5234375
"Opelousas, LA",3314,124,3.74170187085094
"Orangeburg, SC",3134,126,4.02042118698149
"Orlando-Kissimmee-Sanford, FL",69524,1018,1.464242563719
"Oshkosh-Neenah, WI",4292,28,0.65237651444548
"Oskaloosa, IA",428,20,4.67289719626168
"Othello, WA",866,10,1.15473441108545
"Ottawa, IL",2492,69,2.76886035313002
"Ottawa, KS",393,3,0.763358778625954
"Ottumwa, IA",1341,57,4.25055928411633
"Owatonna, MN",560,2,0.357142857142857
"Owensboro, KY",1600,15,0.9375
"Oxford, MS",2212,40,1.80831826401447
"Oxnard-Thousand Oaks-Ventura, CA",12787,152,1.1887072808321
"Ozark, AL",1418,44,3.10296191819464
"Paducah, KY-IL",1016,14,1.37795275590551
"Pahrump, NV",513,15,2.92397660818713
"Palatka, FL",2141,40,1.8682858477347
"Palestine, TX",2829,32,1.13114174620007
"Palm Bay-Melbourne-Titusville, FL",9049,298,3.29318156702398
"Pampa, TX",328,6,1.82926829268293
"Panama City, FL",6124,108,1.76355323318093
"Paragould, AR",909,10,1.1001100110011
"Paris, TN",640,10,1.5625
"Paris, TX",1220,35,2.86885245901639
"Parkersburg-Vienna, WV",387,6,1.55038759689922
"Parsons, KS",246,4,1.6260162601626
"Payson, AZ",1346,56,4.16047548291233
"Pearsall, TX",979,9,0.919305413687436
"Pecos, TX",200,6,3
"Pella, IA",775,8,1.03225806451613
"Pensacola-Ferry Pass-Brent, FL",17707,312,1.76201502230756
"Peoria, IL",6153,88,1.43019665203966
"Peru, IN",444,4,0.900900900900901
"Philadelphia-Camden-Wilmington, PA-NJ-DE-MD",106107,6206,5.84881299066037
"Phoenix-Mesa-Chandler, AZ",152498,3600,2.36068669753046
"Picayune, MS",914,53,5.79868708971554
"Pierre, SD",501,5,0.998003992015968
"Pine Bluff, AR",5604,106,1.89150606709493
"Pinehurst-Southern Pines, NC",1722,33,1.91637630662021
"Pittsburg, KS",1098,8,0.728597449908925
"Pittsburgh, PA",20258,619,3.05558297956363
"Pittsfield, MA",759,50,6.58761528326746
"Plainview, TX",1909,55,2.88108957569408
"Platteville, WI",1102,19,1.72413793103448
"Plattsburgh, NY",162,5,3.08641975308642
"Plymouth, IN",1029,24,2.33236151603499
"Pocatello, ID",1335,6,0.449438202247191
"Point Pleasant, WV-OH",351,19,5.41310541310541
"Ponca City, OK",637,13,2.04081632653061
"Pontiac, IL",408,6,1.47058823529412
"Poplar Bluff, MO",784,7,0.892857142857143
"Port Angeles, WA",235,1,0.425531914893617
"Port Lavaca, TX",823,8,0.972053462940462
"Port St. Lucie, FL",13018,425,3.26471040098325
"Portales, NM",285,4,1.40350877192982
"Portland-South Portland, ME",3599,86,2.38955265351487
"Portland-Vancouver-Hillsboro, OR-WA",18691,345,1.8458081429565
"Portsmouth, OH",539,7,1.2987012987013
"Pottsville, PA",1188,52,4.37710437710438
"Poughkeepsie-Newburgh-Middletown, NY",17280,569,3.29282407407407
"Prescott Valley-Prescott, AZ",2566,82,3.19563522992985
"Price, UT",129,0,0
"Prineville, OR",63,1,1.58730158730159
"Providence-Warwick, RI-MA",33410,1793,5.36665668961389
"Provo-Orem, UT",19503,59,0.30251756140081
"Pueblo, CO",1129,37,3.27723649247121
"Pullman, WA",1319,0,0
"Punta Gorda, FL",3082,136,4.41271901362751
"Quincy, IL-MO",1306,12,0.918836140888208
"Racine, WI",5462,98,1.79421457341633
"Raleigh-Cary, NC",23547,333,1.41419289081412
"Rapid City, SD",2965,42,1.41652613827993
"Raymondville, TX",1198,50,4.17362270450751
"Reading, PA",7186,395,5.49679933203451
"Red Bluff, CA",581,5,0.860585197934596
"Red Wing, MN",392,9,2.29591836734694
"Redding, CA",875,20,2.28571428571429
"Reno, NV",9552,159,1.66457286432161
"Rexburg, ID",1064,5,0.469924812030075
"Richmond-Berea, KY",1975,7,0.354430379746835
"Richmond, IN",1145,15,1.31004366812227
"Richmond, VA",17155,467,2.72223841445643
"Rio Grande City-Roma, TX",3432,169,4.92424242424242
"Riverside-San Bernardino-Ontario, CA",114608,2181,1.90300851598492
"Riverton, WY",741,14,1.88933873144399
"Roanoke Rapids, NC",1508,36,2.38726790450928
"Roanoke, VA",3682,56,1.52091254752852
"Rochelle, IL",748,6,0.802139037433155
"Rochester, MN",3154,28,0.887761572606214
"Rochester, NY",7491,358,4.77906821519156
"Rock Springs, WY",339,2,0.589970501474926
"Rockford, IL",7453,174,2.33463035019455
"Rockingham, NC",1037,17,1.63934426229508
"Rockport, TX",323,18,5.57275541795666
"Rocky Mount, NC",3817,90,2.35787267487556
"Rolla, MO",472,12,2.54237288135593
"Rome, GA",3219,45,1.39794967381174
"Roseburg, OR",243,4,1.64609053497942
"Roswell, NM",1222,12,0.981996726677578
"Ruidoso, NM",215,3,1.3953488372093
"Russellville, AR",3425,62,1.81021897810219
"Ruston, LA",1353,48,3.54767184035477
"Rutland, VT",131,1,0.763358778625954
"Sacramento-Roseville-Folsom, CA",30225,524,1.73366418527709
"Safford, AZ",851,25,2.93772032902468
"Saginaw, MI",3003,140,4.66200466200466
"Salem, OH",1959,80,4.08371618172537
"Salem, OR",5314,111,2.08882197967633
"Salina, KS",834,11,1.3189448441247
"Salinas, CA",10087,73,0.723703777138892
"Salisbury, MD-DE",10135,286,2.82190429205723
"Salt Lake City, UT",32593,253,0.776240296996287
"San Angelo, TX",2289,69,3.01441677588467
"San Antonio-New Braunfels, TX",67944,1611,2.37107029318262
"San Diego-Chula Vista-Carlsbad, CA",47180,783,1.65960152607037
"San Francisco-Oakland-Berkeley, CA",66233,992,1.49774281702475
"San Jose-Sunnyvale-Santa Clara, CA",22689,333,1.4676715589052
"San Luis Obispo-Paso Robles, CA",3612,31,0.858250276854928
"Sandpoint, ID",340,0,0
"Sandusky, OH",966,48,4.96894409937888
"Sanford, NC",1671,15,0.897666068222621
"Santa Cruz-Watsonville, CA",2394,10,0.417710944026733
"Santa Fe, NM",1028,6,0.583657587548638
"Santa Maria-Santa Barbara, CA",9164,113,1.23308598865124
"Santa Rosa-Petaluma, CA",7412,122,1.64597949271452
"Sault Ste. Marie, MI",80,0,0
"Savannah, GA",11118,197,1.77190142111891
"Sayre, PA",168,5,2.97619047619048
"Scottsbluff, NE",433,8,1.84757505773672
"Scottsboro, AL",1611,12,0.74487895716946
"Scottsburg, IN",402,13,3.23383084577114
"Scranton--Wilkes-Barre, PA",6807,414,6.08197443807845
"Searcy, AR",898,29,3.2293986636971
"Seattle-Tacoma-Bellevue, WA",37421,1178,3.14796504636434
"Sebastian-Vero Beach, FL",3254,118,3.62630608481868
"Sebring-Avon Park, FL",2177,89,4.08819476343592
"Sedalia, MO",1152,12,1.04166666666667
"Selinsgrove, PA",342,6,1.75438596491228
"Selma, AL",1799,26,1.44524735964425
"Seneca Falls, NY",107,1,0.934579439252336
"Seneca, SC",1697,28,1.64997053624042
"Sevierville, TN",2677,15,0.560328726186029
"Seymour, IN",783,11,1.40485312899106
"Shawano, WI",1108,1,0.0902527075812274
"Shawnee, OK",1404,10,0.712250712250712
"Sheboygan, WI",1881,18,0.956937799043062
"Shelby, NC",2290,65,2.83842794759825
"Shelbyville, TN",1380,17,1.23188405797101
"Shelton, WA",406,5,1.23152709359606
"Sheridan, WY",296,4,1.35135135135135
"Sherman-Denison, TX",1908,47,2.46331236897275
"Show Low, AZ",5801,235,4.05102568522669
"Shreveport-Bossier City, LA",12892,503,3.90164443065467
"Sidney, OH",680,10,1.47058823529412
"Sierra Vista-Douglas, AZ",1911,72,3.76766091051805
"Sikeston, MO",890,16,1.79775280898876
"Silver City, NM",124,2,1.61290322580645
"Sioux City, IA-NE-SD",8350,120,1.43712574850299
"Sioux Falls, SD",8498,86,1.01200282419393
"Snyder, TX",646,4,0.619195046439629
"Somerset, KY",808,10,1.23762376237624
"Somerset, PA",220,3,1.36363636363636
"Sonora, CA",227,4,1.76211453744493
"South Bend-Mishawaka, IN-MI",7393,139,1.88015690518058
"Spartanburg, SC",6974,199,2.85345569257241
"Spearfish, SD",428,5,1.16822429906542
"Spencer, IA",343,4,1.16618075801749
"Spirit Lake, IA",542,6,1.1070110701107
"Spokane-Spokane Valley, WA",7176,172,2.39687848383501
"Springfield, IL",2607,46,1.7644802454929
"Springfield, MA",10391,993,9.55634683861034
"Springfield, MO",9550,75,0.785340314136126
"Springfield, OH",1873,41,2.18900160170849
"St. Cloud, MN",4687,28,0.59739705568594
"St. George, UT",3370,28,0.830860534124629
"St. Joseph, MO-KS",2601,32,1.23029603998462
"St. Louis, MO-IL",54369,1423,2.6173002998032
"St. Marys, GA",1303,13,0.997697620874904
"St. Marys, PA",73,2,2.73972602739726
"Starkville, MS",2158,65,3.01204819277108
"State College, PA",2710,11,0.40590405904059
"Statesboro, GA",2890,28,0.968858131487889
"Staunton, VA",1051,10,0.951474785918173
"Steamboat Springs, CO",159,8,5.0314465408805
"Stephenville, TX",883,12,1.35900339750849
"Sterling, CO",882,6,0.680272108843537
"Sterling, IL",784,21,2.67857142857143
"Stevens Point, WI",1552,6,0.38659793814433
"Stillwater, OK",2309,7,0.303161541792984
"Stockton, CA",20411,456,2.23408946156484
"Storm Lake, IA",2004,12,0.598802395209581
"Sturgis, MI",807,11,1.36307311028501
"Sulphur Springs, TX",364,8,2.1978021978022
"Summerville, GA",784,22,2.80612244897959
"Sumter, SC",4344,145,3.33793738489871
"Sunbury, PA",1067,63,5.90440487347704
"Susanville, CA",741,0,0
"Sweetwater, TX",262,5,1.90839694656489
"Syracuse, NY",5424,194,3.57669616519174
"Tahlequah, OK",1105,8,0.723981900452489
"Talladega-Sylacauga, AL",2190,30,1.36986301369863
"Tallahassee, FL",15180,143,0.942028985507246
"Tampa-St. Petersburg-Clearwater, FL",76926,1734,2.25411434365494
"Taos, NM",146,4,2.73972602739726
"Taylorville, IL",565,11,1.94690265486726
"Terre Haute, IN",2822,48,1.70092133238838
"Texarkana, TX-AR",2626,90,3.42726580350343
"The Dalles, OR",296,4,1.35135135135135
"The Villages, FL",2313,70,3.02637267617812
"Thomaston, GA",799,62,7.75969962453066
"Thomasville, GA",1497,64,4.2752171008684
"Tiffin, OH",497,14,2.8169014084507
"Tifton, GA",1803,57,3.16139767054908
"Toccoa, GA",1083,38,3.50877192982456
"Toledo, OH",10149,468,4.61129175288206
"Topeka, KS",3434,39,1.13570180547467
"Torrington, CT",1884,141,7.48407643312102
"Traverse City, MI",781,16,2.04865556978233
"Trenton-Princeton, NJ",8663,636,7.34156758628651
"Troy, AL",1220,11,0.901639344262295
"Truckee-Grass Valley, CA",541,7,1.29390018484288
"Tucson, AZ",25628,620,2.4192289683159
"Tullahoma-Manchester, TN",2500,25,1
"Tulsa, OK",24050,302,1.25571725571726
"Tupelo, MS",5979,127,2.1241010202375
"Tuscaloosa, AL",10660,176,1.65103189493433
"Twin Falls, ID",3159,45,1.42450142450142
"Tyler, TX",3819,106,2.77559570568212
"Ukiah, CA",954,18,1.88679245283019
"Union City, TN",1220,11,0.901639344262295
"Union, SC",575,12,2.08695652173913
"Urban Honolulu, HI",11197,111,0.991336965258551
"Urbana, OH",314,3,0.955414012738854
"Utica-Rome, NY",2774,133,4.79452054794521
"Uvalde, TX",790,34,4.30379746835443
"Valdosta, GA",4979,115,2.30970074312111
"Vallejo, CA",6419,69,1.07493379031002
"Van Wert, OH",128,3,2.34375
"Vermillion, SD",568,6,1.05633802816901
"Vernal, UT",111,1,0.900900900900901
"Vernon, TX",209,2,0.956937799043062
"Vicksburg, MS",1418,50,3.52609308885755
"Victoria, TX",4224,102,2.41477272727273
"Vidalia, GA",1642,54,3.28867235079172
"Vincennes, IN",545,10,1.8348623853211
"Vineland-Bridgeton, NJ",3802,160,4.20831141504471
"Vineyard Haven, MA",80,0,0
"Virginia Beach-Norfolk-Newport News, VA-NC",5971,121,2.02646122927483
"Visalia, CA",16267,263,1.6167701481527
"Wabash, IN",279,8,2.8673835125448
"Waco, TX",8410,110,1.30796670630202
"Wahpeton, ND-MN",314,4,1.27388535031847
"Walla Walla, WA",914,5,0.547045951859956
"Wapakoneta, OH",634,13,2.05047318611987
"Warner Robins, GA",3833,106,2.76545786590138
"Warren, PA",44,1,2.27272727272727
"Warrensburg, MO",974,5,0.513347022587269
"Warsaw, IN",1321,19,1.43830431491294
"Washington-Arlington-Alexandria, DC-VA-MD-WV",112665,3149,2.795011760529
"Washington Court House, OH",245,6,2.44897959183673
"Washington, IN",686,31,4.51895043731778
"Washington, NC",981,25,2.54841997961264
"Waterloo-Cedar Falls, IA",5284,103,1.94928084784254
"Watertown-Fort Atkinson, WI",1592,8,0.50251256281407
"Watertown-Fort Drum, NY",172,1,0.581395348837209
"Watertown, SD",995,6,0.603015075376884
"Wauchula, FL",1366,11,0.805270863836018
"Wausau-Weston, WI",1908,16,0.838574423480084
"Waycross, GA",2121,80,3.77180575200377
"Weatherford, OK",718,0,0
"Weirton-Steubenville, WV-OH",609,5,0.821018062397373
"Wenatchee, WA",3043,25,0.821557673348669
"West Plains, MO",664,3,0.451807228915663
"West Point, MS",599,19,3.17195325542571
"Wheeling, WV-OH",1277,34,2.66249021143305
"Whitewater, WI",2784,35,1.25718390804598
"Wichita Falls, TX",2005,27,1.34663341645885
"Wichita, KS",10656,107,1.00412912912913
"Williamsport, PA",709,26,3.66713681241185
"Williston, ND",1086,7,0.644567219152855
"Willmar, MN",1057,3,0.283822138126774
"Wilmington, NC",5322,39,0.732807215332582
"Wilmington, OH",308,13,4.22077922077922
"Wilson, NC",2275,53,2.32967032967033
"Winchester, VA-WV",1515,18,1.18811881188119
"Winfield, KS",389,5,1.2853470437018
"Winnemucca, NV",129,4,3.10077519379845
"Winona, MN",923,18,1.9501625135428
"Winston-Salem, NC",11700,159,1.35897435897436
"Wisconsin Rapids-Marshfield, WI",906,5,0.551876379690949
"Woodward, OK",1112,4,0.359712230215827
"Wooster, OH",950,68,7.15789473684211
"Worcester, MA-CT",16106,1131,7.02222774121445
"Worthington, MN",1979,16,0.808489135927236
"Yakima, WA",11431,262,2.29201294724871
"Yankton, SD",435,4,0.919540229885057
"York-Hanover, PA",4941,159,3.21797207043109
"Youngstown-Warren-Boardman, OH-PA",5801,434,7.48146871229098
"Yuba City, CA",2892,19,0.656984785615491
"Yuma, AZ",12730,345,2.71013354281225
"Zanesville, OH",482,3,0.622406639004149
"Zapata, TX",333,6,1.8018018018018
